seed,sample,ranking_score
1,0,0.9003331819861456
1,1,0.8971340912153323
1,2,0.8952372555276292
