binder_id,boltz_iptm_avg,boltz_iptm_std,boltz_iptm_model_0,boltz_complex_plddt_avg,boltz_complex_plddt_std,boltz_complex_plddt_model_0,boltz_complex_iplddt_avg,boltz_complex_iplddt_std,boltz_complex_iplddt_model_0,boltz_complex_pde_avg,boltz_complex_pde_std,boltz_complex_pde_model_0,boltz_complex_ipde_avg,boltz_complex_ipde_std,boltz_complex_ipde_model_0
pdl1_binder,0.9391173919041952,0.002991236148794356,0.9426993727684021,0.9520322879155477,0.0009421299183845664,0.9525892734527588,0.9492966532707214,0.0018514324183124132,0.9506281018257141,0.3028656542301178,0.0028747563666878815,0.30063316226005554,0.39736737807591754,0.01185228761740522,0.3837660253047943
pmhc_binder_fused_target_chain,0.9301334818204244,0.0014047918225120286,0.9321175813674927,0.9538941780726115,0.0007470498328983269,0.9547957181930542,0.9356385668118795,0.0016553592253074313,0.9379486441612244,0.3167496720949809,0.004222108937034442,0.3110411763191223,0.6843116283416748,0.036925608492421255,0.6337205767631531
pmhc_binder_multi_target_chain,0.9299342433611552,0.00481932482923797,0.9346640706062317,0.9537017544110616,0.001508729100036399,0.9553631544113159,0.9331742326418558,0.004007719996527334,0.937301516532898,0.31610899170239765,0.007830243010102444,0.3073124289512634,0.6793924570083618,0.0682105590011194,0.6048442721366882
