binder_id,boltz_iptm_avg,boltz_iptm_std,boltz_iptm_model_0,boltz_complex_plddt_avg,boltz_complex_plddt_std,boltz_complex_plddt_model_0,boltz_complex_iplddt_avg,boltz_complex_iplddt_std,boltz_complex_iplddt_model_0,boltz_complex_pde_avg,boltz_complex_pde_std,boltz_complex_pde_model_0,boltz_complex_ipde_avg,boltz_complex_ipde_std,boltz_complex_ipde_model_0
pdl1_binder,0.9411325454711914,0.0005432594537988502,0.9418900609016418,0.9514968792597452,0.0006931133053823065,0.9524629712104797,0.9436208009719849,0.0016995687294200992,0.9423940181732178,0.30388984084129333,0.0007863200484784377,0.30304622650146484,0.4034061133861542,0.005084089844472651,0.4020184278488159
pmhc_binder_fused_target_chain,0.925116240978241,0.0045738578048963655,0.9292730689048767,0.9514459172884623,0.0009072612835313242,0.9525284767150879,0.9278132915496826,0.0033681902348751927,0.9313206076622009,0.32267171144485474,0.0036690742487064847,0.3190666735172272,0.7586269974708557,0.05665762829457782,0.7066522836685181
pmhc_binder_multi_target_chain,0.9289369583129883,0.004139851998154957,0.9316954016685486,0.953620433807373,0.001335223033638932,0.9548272490501404,0.9328129291534424,0.003310330825721523,0.9352067708969116,0.3147747218608856,0.00768996962960664,0.30582693219184875,0.6845298806826273,0.07477515744292951,0.6107511520385742
