binder_id,colab_actifptm_avg,colab_actifptm_std,colab_actifptm_model_0,colab_ptm_avg,colab_ptm_std,colab_ptm_model_0,colab_iptm_avg,colab_iptm_std,colab_iptm_model_0
pdl1_binder,0.798,0.30137849956491586,0.973,0.8366666666666667,0.17039170558842742,0.94,0.7166666666666667,0.34355979586286484,0.92
pmhc_binder_fused_target_chain,0.9823333333333333,0.0005773502691896263,0.982,0.9166666666666667,0.005773502691896263,0.92,0.9033333333333333,0.011547005383792526,0.91
pmhc_binder_multi_target_chain,0.9823333333333333,0.0005773502691896263,0.982,0.9166666666666667,0.005773502691896263,0.92,0.9033333333333333,0.011547005383792526,0.91
