binder_id,af3_dockQ,af2_dockQ,boltz_dockQ,colab_dockQ
pdl1_binder,0.8721545616437746,0.9570769238863822,0.8581399111256617,0.9015348292765397
pmhc_binder_fused_target_chain,0.9065026606616243,0.9380278967299048,0.93291583592881,0.8718162417842604
pmhc_binder_multi_target_chain,0.9999960824195786,0.9191893712720169,0.7646046811697605,0.8551617731594762
