binder_id,boltz1_pDockQ_min,boltz1_pDockQ_max,boltz1_pDockQ2_min,boltz1_pDockQ2_max,boltz1_ipSAE_min,boltz1_ipSAE_max,boltz1_ipSAE_avg,boltz1_LIS,boltz1_ipSAE_min_in_calculation,boltz1_ipSAE_d0chn,boltz1_ipSAE_d0dom,boltz1_ipae,af3_pDockQ_min,af3_pDockQ_max,af3_pDockQ2_min,af3_pDockQ2_max,af3_ipSAE_min,af3_ipSAE_max,af3_ipSAE_avg,af3_LIS,af3_ipSAE_min_in_calculation,af3_ipSAE_d0chn,af3_ipSAE_d0dom,af3_ipae,af3_min_pae_contact,af3_max_pae_contact,af3_res_above_contact_thres,colab_pDockQ_min,colab_pDockQ_max,colab_pDockQ2_min,colab_pDockQ2_max,colab_ipSAE_min,colab_ipSAE_max,colab_ipSAE_avg,colab_LIS,colab_ipSAE_min_in_calculation,colab_ipSAE_d0chn,colab_ipSAE_d0dom,colab_ipae
pdl1_binder,0.5535,0.5535,0.8089,0.8296,0.889933,0.894399,0.628692,0.7622,0.012913,0.936001,0.936001,3.0438,0.5476,0.5476,0.8348,0.8427,0.796596,0.82545,0.554151,0.7265,0.011916,0.895176,0.894758,3.5699,0.9,4.4,57,0.5705,0.5705,0.9018,0.9019,0.834671,0.861777,0.58981,0.7433,0.010947,0.9188,0.9188,3.1659
pmhc_binder_fused_target_chain,0.29715,0.29715,0.5312,0.60055,0.47847300000000004,0.727015,0.3266825,0.58845,0.011265,0.751686,0.7515375,4.716950000000001,0.33615,0.33615,0.64835,0.6892,0.4654355,0.725501,0.2995575,0.59605,0.0113445,0.7538225000000001,0.7538225000000001,5.007899999999999,1.5,4.9,71,0.29285,0.29285,0.4851,0.5818,0.43285450000000003,0.6507925,0.2729435,0.49,0.0113105,0.6892750000000001,0.6892750000000001,5.870699999999999
pmhc_binder_multi_target_chain,0.2706,0.2706,0.5855,0.61595,0.504348,0.748413,0.3407565,0.6157999999999999,0.011284,0.773892,0.773892,4.427350000000001,0.33615,0.33615,0.64835,0.6892,0.4654355,0.725501,0.2995575,0.59605,0.0113445,0.7538225000000001,0.7538225000000001,5.007899999999999,1.5,4.9,71,0.29285,0.29285,0.4851,0.5818,0.43285450000000003,0.6507925,0.2729435,0.49,0.0113105,0.6892750000000001,0.6892750000000001,5.870699999999999
