binder_id,boltz1_pDockQ_min,boltz1_pDockQ_max,boltz1_pDockQ2_min,boltz1_pDockQ2_max,boltz1_ipSAE_min,boltz1_ipSAE_max,boltz1_ipSAE_avg,boltz1_LIS,boltz1_ipSAE_min_in_calculation,boltz1_ipSAE_d0chn,boltz1_ipSAE_d0dom,boltz1_ipae,af3_pDockQ_min,af3_pDockQ_max,af3_pDockQ2_min,af3_pDockQ2_max,af3_ipSAE_min,af3_ipSAE_max,af3_ipSAE_avg,af3_LIS,af3_ipSAE_min_in_calculation,af3_ipSAE_d0chn,af3_ipSAE_d0dom,af3_ipae,af3_min_pae_contact,af3_max_pae_contact,af3_res_above_contact_thres,colab_pDockQ_min,colab_pDockQ_max,colab_pDockQ2_min,colab_pDockQ2_max,colab_ipSAE_min,colab_ipSAE_max,colab_ipSAE_avg,colab_LIS,colab_ipSAE_min_in_calculation,colab_ipSAE_d0chn,colab_ipSAE_d0dom,colab_ipae
pdl1_binder,0.551,0.551,0.8666,0.8812,0.894962,0.895994,0.700175,0.7733,0.01307,0.951835,0.951835,2.9722,0.5476,0.5476,0.8348,0.8427,0.796596,0.82545,0.632614,0.7289,0.139935,0.899504,0.899095,3.5699,0.9,4.4,57,0.5705,0.5705,0.9018,0.9019,0.834671,0.861777,0.694743,0.7612,0.012866,0.920944,0.920612,3.1659
pmhc_binder_fused_target_chain,0.24765,0.24765,0.5947,0.63625,0.4980095,0.7454255,0.567489,0.647,0.2116615,0.87593,0.8749750000000001,5.025166666666666,0.33615,0.33615,0.64835,0.6892,0.4654355,0.725501,0.5435485,0.6215999999999999,0.15001699999999998,0.8527290000000001,0.851145,5.576233333333334,1.5,4.9,71,0.29375,0.29375,0.49745,0.59735,0.4391275,0.6579195,0.4276995,0.5646,0.034103499999999995,0.8172455000000001,0.815795,6.044866666666667
pmhc_binder_multi_target_chain,0.25775000000000003,0.25775000000000003,0.60585,0.6399,0.510409,0.7693730000000001,0.5939924999999999,0.6637,0.2248155,0.8846685,0.8836195,4.854466666666666,0.33615,0.33615,0.64835,0.6892,0.4654355,0.725501,0.5435485,0.6215999999999999,0.15001699999999998,0.8527290000000001,0.851145,5.576233333333334,1.5,4.9,71,0.29375,0.29375,0.49745,0.59735,0.4391275,0.6579195,0.4276995,0.5646,0.034103499999999995,0.8172455000000001,0.815795,6.044866666666667
