seed,sample,ranking_score
1,0,0.9291394037642202
1,1,0.9205487286504294
1,2,0.921212728604863
