{
    "confidence_score": 0.9478774070739746,
    "ptm": 0.9436292052268982,
    "iptm": 0.9292730689048767,
    "ligand_iptm": 0.0,
    "protein_iptm": 0.9292730689048767,
    "complex_plddt": 0.9525284767150879,
    "complex_iplddt": 0.9313206076622009,
    "complex_pde": 0.3190666735172272,
    "complex_ipde": 0.7066522836685181,
    "chains_ptm": {
        "0": 0.9809548258781433,
        "1": 0.9659999012947083,
        "2": 0.9903543591499329,
        "3": 0.9840360283851624
    },
    "pair_chains_iptm": {
        "0": {
            "0": 0.9809548258781433,
            "1": 0.9057694673538208,
            "2": 0.8592109084129333,
            "3": 0.875494122505188
        },
        "1": {
            "0": 0.8495136499404907,
            "1": 0.9659999012947083,
            "2": 0.9655094146728516,
            "3": 0.9251728057861328
        },
        "2": {
            "0": 0.7812997698783875,
            "1": 0.9762346744537354,
            "2": 0.9903543591499329,
            "3": 0.8961178064346313
        },
        "3": {
            "0": 0.9312986731529236,
            "1": 0.9869092702865601,
            "2": 0.9701435565948486,
            "3": 0.9840360283851624
        }
    }
}