{
    "confidence_score": 0.9481839537620544,
    "ptm": 0.9429938793182373,
    "iptm": 0.9290538430213928,
    "ligand_iptm": 0.0,
    "protein_iptm": 0.9290538430213928,
    "complex_plddt": 0.9529663920402527,
    "complex_iplddt": 0.9341549277305603,
    "complex_pde": 0.3211202025413513,
    "complex_ipde": 0.720816969871521,
    "chains_ptm": {
        "0": 0.9803001880645752,
        "1": 0.9657272100448608,
        "2": 0.9903896450996399,
        "3": 0.9856933951377869
    },
    "pair_chains_iptm": {
        "0": {
            "0": 0.9803001880645752,
            "1": 0.9046129584312439,
            "2": 0.8594517111778259,
            "3": 0.8730310797691345
        },
        "1": {
            "0": 0.8512493371963501,
            "1": 0.9657272100448608,
            "2": 0.9652779698371887,
            "3": 0.9252722859382629
        },
        "2": {
            "0": 0.7873403429985046,
            "1": 0.9758433699607849,
            "2": 0.9903896450996399,
            "3": 0.8978357911109924
        },
        "3": {
            "0": 0.9318395853042603,
            "1": 0.9884533286094666,
            "2": 0.971549391746521,
            "3": 0.9856933951377869
        }
    }
}