{
    "confidence_score": 0.9466668367385864,
    "ptm": 0.9419010281562805,
    "iptm": 0.9273297786712646,
    "ligand_iptm": 0.0,
    "protein_iptm": 0.9273297786712646,
    "complex_plddt": 0.9515010714530945,
    "complex_iplddt": 0.9288508892059326,
    "complex_pde": 0.32124221324920654,
    "complex_ipde": 0.7318024039268494,
    "chains_ptm": {
        "0": 0.9799466729164124,
        "1": 0.9659950137138367,
        "2": 0.9904559850692749,
        "3": 0.9849237203598022
    },
    "pair_chains_iptm": {
        "0": {
            "0": 0.9799466729164124,
            "1": 0.8987458944320679,
            "2": 0.8526488542556763,
            "3": 0.8705178499221802
        },
        "1": {
            "0": 0.8433574438095093,
            "1": 0.9659950137138367,
            "2": 0.9657497406005859,
            "3": 0.9267187118530273
        },
        "2": {
            "0": 0.7789271473884583,
            "1": 0.9760933518409729,
            "2": 0.9904559850692749,
            "3": 0.898396372795105
        },
        "3": {
            "0": 0.9265956878662109,
            "1": 0.9878095388412476,
            "2": 0.9714710712432861,
            "3": 0.9849237203598022
        }
    }
}