{
    "confidence_score": 0.9489821791648865,
    "ptm": 0.9425513744354248,
    "iptm": 0.9292290210723877,
    "ligand_iptm": 0.0,
    "protein_iptm": 0.9292290210723877,
    "complex_plddt": 0.9539204239845276,
    "complex_iplddt": 0.9348121285438538,
    "complex_pde": 0.318087637424469,
    "complex_ipde": 0.6983973383903503,
    "chains_ptm": {
        "0": 0.9807424545288086,
        "1": 0.964380145072937,
        "2": 0.9902475476264954,
        "3": 0.9838258028030396
    },
    "pair_chains_iptm": {
        "0": {
            "0": 0.9807424545288086,
            "1": 0.9057336449623108,
            "2": 0.8615847229957581,
            "3": 0.8740860223770142
        },
        "1": {
            "0": 0.8466732501983643,
            "1": 0.964380145072937,
            "2": 0.9645058512687683,
            "3": 0.9217491745948792
        },
        "2": {
            "0": 0.7840057611465454,
            "1": 0.9758982062339783,
            "2": 0.9902475476264954,
            "3": 0.8935562968254089
        },
        "3": {
            "0": 0.930109441280365,
            "1": 0.9868850708007812,
            "2": 0.96955406665802,
            "3": 0.9838258028030396
        }
    }
}