{
    "confidence_score": 0.9439957737922668,
    "ptm": 0.9343145489692688,
    "iptm": 0.9187458753585815,
    "ligand_iptm": 0.0,
    "protein_iptm": 0.9187458753585815,
    "complex_plddt": 0.9503082036972046,
    "complex_iplddt": 0.9232683777809143,
    "complex_pde": 0.3277062475681305,
    "complex_ipde": 0.8374263048171997,
    "chains_ptm": {
        "0": 0.9798295497894287,
        "1": 0.9644819498062134,
        "2": 0.9902430176734924,
        "3": 0.9854545593261719
    },
    "pair_chains_iptm": {
        "0": {
            "0": 0.9798295497894287,
            "1": 0.8756536841392517,
            "2": 0.8296259045600891,
            "3": 0.8464783430099487
        },
        "1": {
            "0": 0.8215554356575012,
            "1": 0.9644819498062134,
            "2": 0.9648724794387817,
            "3": 0.9240505695343018
        },
        "2": {
            "0": 0.7546916604042053,
            "1": 0.9756160974502563,
            "2": 0.9902430176734924,
            "3": 0.8973121047019958
        },
        "3": {
            "0": 0.9144243597984314,
            "1": 0.9881908893585205,
            "2": 0.9713109731674194,
            "3": 0.9854545593261719
        }
    }
}