{
    "confidence_score": 0.9502601027488708,
    "ptm": 0.9449045658111572,
    "iptm": 0.9321175813674927,
    "ligand_iptm": 0.0,
    "protein_iptm": 0.9321175813674927,
    "complex_plddt": 0.9547957181930542,
    "complex_iplddt": 0.9379486441612244,
    "complex_pde": 0.3110411763191223,
    "complex_ipde": 0.6337205767631531,
    "chains_ptm": {
        "0": 0.9813893437385559,
        "1": 0.9647161364555359,
        "2": 0.9901151061058044,
        "3": 0.9852778315544128
    },
    "pair_chains_iptm": {
        "0": {
            "0": 0.9813893437385559,
            "1": 0.9138495326042175,
            "2": 0.8702089786529541,
            "3": 0.8834033608436584
        },
        "1": {
            "0": 0.8564251661300659,
            "1": 0.9647161364555359,
            "2": 0.96463543176651,
            "3": 0.924096941947937
        },
        "2": {
            "0": 0.7990593314170837,
            "1": 0.9760465025901794,
            "2": 0.9901151061058044,
            "3": 0.8955393433570862
        },
        "3": {
            "0": 0.9384077787399292,
            "1": 0.9879733324050903,
            "2": 0.9704573154449463,
            "3": 0.9852778315544128
        }
    }
}