seed,sample,ranking_score
1,0,0.9291733224644639
1,1,0.9203822322358746
1,2,0.9211183459543886
