{
    "confidence_score": 0.9502008557319641,
    "ptm": 0.9452821016311646,
    "iptm": 0.9316954016685486,
    "ligand_iptm": 0.0,
    "protein_iptm": 0.9316954016685486,
    "complex_plddt": 0.9548272490501404,
    "complex_iplddt": 0.9352067708969116,
    "complex_pde": 0.30582693219184875,
    "complex_ipde": 0.6107511520385742,
    "chains_ptm": {
        "0": 0.9820969700813293,
        "1": 0.9657360315322876,
        "2": 0.9904186129570007,
        "3": 0.986912190914154
    },
    "pair_chains_iptm": {
        "0": {
            "0": 0.9820969700813293,
            "1": 0.9110928773880005,
            "2": 0.8680116534233093,
            "3": 0.8839231133460999
        },
        "1": {
            "0": 0.8606260418891907,
            "1": 0.9657360315322876,
            "2": 0.9655084013938904,
            "3": 0.9289063215255737
        },
        "2": {
            "0": 0.8061627149581909,
            "1": 0.9766764044761658,
            "2": 0.9904186129570007,
            "3": 0.903522253036499
        },
        "3": {
            "0": 0.9400256872177124,
            "1": 0.9894319176673889,
            "2": 0.9725808501243591,
            "3": 0.986912190914154
        }
    }
}