{
    "confidence_score": 0.9460332989692688,
    "ptm": 0.9382669925689697,
    "iptm": 0.9233195781707764,
    "ligand_iptm": 0.0,
    "protein_iptm": 0.9233195781707764,
    "complex_plddt": 0.9517116546630859,
    "complex_iplddt": 0.9277465343475342,
    "complex_pde": 0.32633259892463684,
    "complex_ipde": 0.769684910774231,
    "chains_ptm": {
        "0": 0.9795266389846802,
        "1": 0.9644942283630371,
        "2": 0.9900591373443604,
        "3": 0.9834204912185669
    },
    "pair_chains_iptm": {
        "0": {
            "0": 0.9795266389846802,
            "1": 0.8899512887001038,
            "2": 0.8445287942886353,
            "3": 0.8573271632194519
        },
        "1": {
            "0": 0.8345097899436951,
            "1": 0.9644942283630371,
            "2": 0.9643242955207825,
            "3": 0.9206427335739136
        },
        "2": {
            "0": 0.7607629299163818,
            "1": 0.9753901958465576,
            "2": 0.9900591373443604,
            "3": 0.8911608457565308
        },
        "3": {
            "0": 0.9221664667129517,
            "1": 0.9865163564682007,
            "2": 0.9695332050323486,
            "3": 0.9834204912185669
        }
    }
}