{
    "confidence_score": 0.9512233734130859,
    "ptm": 0.9474647641181946,
    "iptm": 0.9346640706062317,
    "ligand_iptm": 0.0,
    "protein_iptm": 0.9346640706062317,
    "complex_plddt": 0.9553631544113159,
    "complex_iplddt": 0.937301516532898,
    "complex_pde": 0.3073124289512634,
    "complex_ipde": 0.6048442721366882,
    "chains_ptm": {
        "0": 0.9819828867912292,
        "1": 0.965770423412323,
        "2": 0.9905264973640442,
        "3": 0.9860810041427612
    },
    "pair_chains_iptm": {
        "0": {
            "0": 0.9819828867912292,
            "1": 0.9211819767951965,
            "2": 0.8756179809570312,
            "3": 0.8953964710235596
        },
        "1": {
            "0": 0.8591470122337341,
            "1": 0.965770423412323,
            "2": 0.9656413793563843,
            "3": 0.9291233420372009
        },
        "2": {
            "0": 0.8014639616012573,
            "1": 0.9767925143241882,
            "2": 0.9905264973640442,
            "3": 0.9025238752365112
        },
        "3": {
            "0": 0.9400802850723267,
            "1": 0.9886505603790283,
            "2": 0.9719295501708984,
            "3": 0.9860810041427612
        }
    }
}