{
    "confidence_score": 0.9498258829116821,
    "ptm": 0.9449933767318726,
    "iptm": 0.9320299625396729,
    "ligand_iptm": 0.0,
    "protein_iptm": 0.9320299625396729,
    "complex_plddt": 0.9542747735977173,
    "complex_iplddt": 0.9351001977920532,
    "complex_pde": 0.31389546394348145,
    "complex_ipde": 0.6558104753494263,
    "chains_ptm": {
        "0": 0.9811175465583801,
        "1": 0.96572345495224,
        "2": 0.9903403520584106,
        "3": 0.9864147901535034
    },
    "pair_chains_iptm": {
        "0": {
            "0": 0.9811175465583801,
            "1": 0.9141838550567627,
            "2": 0.8669958114624023,
            "3": 0.8867143988609314
        },
        "1": {
            "0": 0.8483821749687195,
            "1": 0.96572345495224,
            "2": 0.9656111001968384,
            "3": 0.9288040399551392
        },
        "2": {
            "0": 0.7866180539131165,
            "1": 0.9758515357971191,
            "2": 0.9903403520584106,
            "3": 0.9013186693191528
        },
        "3": {
            "0": 0.9332066178321838,
            "1": 0.988871157169342,
            "2": 0.971839427947998,
            "3": 0.9864147901535034
        }
    }
}