{
    "confidence_score": 0.9495882391929626,
    "ptm": 0.9451135993003845,
    "iptm": 0.9318190813064575,
    "ligand_iptm": 0.0,
    "protein_iptm": 0.9318190813064575,
    "complex_plddt": 0.954030454158783,
    "complex_iplddt": 0.9344746470451355,
    "complex_pde": 0.3146819472312927,
    "complex_ipde": 0.6636481881141663,
    "chains_ptm": {
        "0": 0.9809499382972717,
        "1": 0.966019332408905,
        "2": 0.9904100894927979,
        "3": 0.9860352277755737
    },
    "pair_chains_iptm": {
        "0": {
            "0": 0.9809499382972717,
            "1": 0.9132034778594971,
            "2": 0.8680400252342224,
            "3": 0.8862558603286743
        },
        "1": {
            "0": 0.8570458292961121,
            "1": 0.966019332408905,
            "2": 0.9654749035835266,
            "3": 0.9287701845169067
        },
        "2": {
            "0": 0.7931327819824219,
            "1": 0.975853681564331,
            "2": 0.9904100894927979,
            "3": 0.9006383419036865
        },
        "3": {
            "0": 0.9354931116104126,
            "1": 0.9886566996574402,
            "2": 0.9723814129829407,
            "3": 0.9860352277755737
        }
    }
}