{
    "confidence_score": 0.9460245370864868,
    "ptm": 0.9383577108383179,
    "iptm": 0.9230855107307434,
    "ligand_iptm": 0.0,
    "protein_iptm": 0.9230855107307434,
    "complex_plddt": 0.9517592787742615,
    "complex_iplddt": 0.9281318187713623,
    "complex_pde": 0.32460176944732666,
    "complex_ipde": 0.7870280146598816,
    "chains_ptm": {
        "0": 0.9800493717193604,
        "1": 0.9645958542823792,
        "2": 0.9902518391609192,
        "3": 0.9843151569366455
    },
    "pair_chains_iptm": {
        "0": {
            "0": 0.9800493717193604,
            "1": 0.8925871253013611,
            "2": 0.8435770869255066,
            "3": 0.8595552444458008
        },
        "1": {
            "0": 0.8296491503715515,
            "1": 0.9645958542823792,
            "2": 0.9645169973373413,
            "3": 0.9233701229095459
        },
        "2": {
            "0": 0.7568020820617676,
            "1": 0.975524365901947,
            "2": 0.9902518391609192,
            "3": 0.8950634002685547
        },
        "3": {
            "0": 0.9187841415405273,
            "1": 0.9872885942459106,
            "2": 0.9704557061195374,
            "3": 0.9843151569366455
        }
    }
}