{
    "confidence_score": 0.9506112933158875,
    "ptm": 0.9536729454994202,
    "iptm": 0.9426993727684021,
    "ligand_iptm": 0.0,
    "protein_iptm": 0.9426993727684021,
    "complex_plddt": 0.9525892734527588,
    "complex_iplddt": 0.9506281018257141,
    "complex_pde": 0.30063316226005554,
    "complex_ipde": 0.3837660253047943,
    "chains_ptm": {
        "0": 0.9784609079360962,
        "1": 0.9697360992431641
    },
    "pair_chains_iptm": {
        "0": {
            "0": 0.9784609079360962,
            "1": 0.9426993727684021
        },
        "1": {
            "0": 0.9305983185768127,
            "1": 0.9697360992431641
        }
    }
}