{
    "confidence_score": 0.9503483772277832,
    "ptm": 0.9528758525848389,
    "iptm": 0.9418900609016418,
    "ligand_iptm": 0.0,
    "protein_iptm": 0.9418900609016418,
    "complex_plddt": 0.9524629712104797,
    "complex_iplddt": 0.9423940181732178,
    "complex_pde": 0.30304622650146484,
    "complex_ipde": 0.4020184278488159,
    "chains_ptm": {
        "0": 0.9779985547065735,
        "1": 0.9689500331878662
    },
    "pair_chains_iptm": {
        "0": {
            "0": 0.9779985547065735,
            "1": 0.9418900609016418
        },
        "1": {
            "0": 0.9274289011955261,
            "1": 0.9689500331878662
        }
    }
}