{
    "confidence_score": 0.9488248229026794,
    "ptm": 0.9530172944068909,
    "iptm": 0.940642774105072,
    "ligand_iptm": 0.0,
    "protein_iptm": 0.940642774105072,
    "complex_plddt": 0.9508702754974365,
    "complex_iplddt": 0.9460241794586182,
    "complex_pde": 0.30368420481681824,
    "complex_ipde": 0.39799031615257263,
    "chains_ptm": {
        "0": 0.9771077036857605,
        "1": 0.9693005084991455
    },
    "pair_chains_iptm": {
        "0": {
            "0": 0.9771077036857605,
            "1": 0.940642774105072
        },
        "1": {
            "0": 0.9283206462860107,
            "1": 0.9693005084991455
        }
    }
}