{
    "confidence_score": 0.9500967264175415,
    "ptm": 0.9519108533859253,
    "iptm": 0.939275324344635,
    "ligand_iptm": 0.0,
    "protein_iptm": 0.939275324344635,
    "complex_plddt": 0.9528020024299622,
    "complex_iplddt": 0.9505833983421326,
    "complex_pde": 0.3010393977165222,
    "complex_ipde": 0.39568468928337097,
    "chains_ptm": {
        "0": 0.9775727987289429,
        "1": 0.9701051712036133
    },
    "pair_chains_iptm": {
        "0": {
            "0": 0.9775727987289429,
            "1": 0.939275324344635
        },
        "1": {
            "0": 0.9224188923835754,
            "1": 0.9701051712036133
        }
    }
}