{
    "confidence_score": 0.9476399421691895,
    "ptm": 0.9499854445457458,
    "iptm": 0.9353774785995483,
    "ligand_iptm": 0.0,
    "protein_iptm": 0.9353774785995483,
    "complex_plddt": 0.9507055878639221,
    "complex_iplddt": 0.9466784596443176,
    "complex_pde": 0.30692440271377563,
    "complex_ipde": 0.4126514196395874,
    "chains_ptm": {
        "0": 0.9771172404289246,
        "1": 0.9692383408546448
    },
    "pair_chains_iptm": {
        "0": {
            "0": 0.9771172404289246,
            "1": 0.9353774785995483
        },
        "1": {
            "0": 0.9206299781799316,
            "1": 0.9692383408546448
        }
    }
}