{
    "confidence_score": 0.9490988850593567,
    "ptm": 0.9525672793388367,
    "iptm": 0.9408648014068604,
    "ligand_iptm": 0.0,
    "protein_iptm": 0.9408648014068604,
    "complex_plddt": 0.9511573910713196,
    "complex_iplddt": 0.9424442052841187,
    "complex_pde": 0.3049390912055969,
    "complex_ipde": 0.410209596157074,
    "chains_ptm": {
        "0": 0.9771611094474792,
        "1": 0.9700471758842468
    },
    "pair_chains_iptm": {
        "0": {
            "0": 0.9771611094474792,
            "1": 0.9408648014068604
        },
        "1": {
            "0": 0.92685866355896,
            "1": 0.9700471758842468
        }
    }
}